{"cameraMode":{"drawMode":0,"name":"Shaded","section":"Shading Mode"},"sceneLighting":true,"audioPlay":false,"sceneViewState":{"showFog":true,"showMaterialUpdate":false,"showSkybox":true,"showFlares":true,"showImageEffects":true,"showParticleSystems":true},"in2DMode":false,"pivot":{"x":0.13950490951538087,"y":0.22363662719726563,"z":-0.14579486846923829},"rotation":{"x":-0.09491632878780365,"y":0.8976035714149475,"z":-0.23715811967849732,"w":-0.35924211144447329},"size":11.500000953674317,"orthographic":false}